Date,close,ticker
2020-01-02,23.203935623168945,ITUB4.SA
2020-01-03,22.959882736206055,ITUB4.SA
2020-01-06,22.61819076538086,ITUB4.SA
2020-01-07,22.09345817565918,ITUB4.SA
2020-01-08,21.733470916748047,ITUB4.SA
2020-01-09,21.300268173217773,ITUB4.SA
2020-01-10,21.111129760742188,ITUB4.SA
2020-01-13,21.39179229736328,ITUB4.SA
2020-01-14,21.39179229736328,ITUB4.SA
2020-01-15,21.129426956176758,ITUB4.SA
2020-01-16,21.172147750854492,ITUB4.SA
2020-01-17,21.31857681274414,ITUB4.SA
2020-01-20,20.885374069213867,ITUB4.SA
2020-01-21,20.439956665039062,ITUB4.SA
2020-01-22,20.561988830566406,ITUB4.SA
2020-01-23,21.050107955932617,ITUB4.SA
2020-01-24,20.89147186279297,ITUB4.SA
2020-01-27,20.439956665039062,ITUB4.SA
2020-01-28,20.43386459350586,ITUB4.SA
2020-01-29,20.1165828704834,ITUB4.SA
2020-01-30,20.409452438354492,ITUB4.SA
2020-01-31,20.025062561035156,ITUB4.SA
2020-02-03,20.083045959472656,ITUB4.SA
2020-02-04,20.241769790649414,ITUB4.SA
2020-02-05,20.363845825195312,ITUB4.SA
2020-02-06,20.315025329589844,ITUB4.SA
2020-02-07,20.57750701904297,ITUB4.SA
2020-02-10,20.925445556640625,ITUB4.SA
2020-02-11,21.407676696777344,ITUB4.SA
2020-02-12,21.32222557067871,ITUB4.SA
2020-02-13,20.992595672607422,ITUB4.SA
2020-02-14,20.638532638549805,ITUB4.SA
2020-02-17,20.449310302734375,ITUB4.SA
2020-02-18,20.534774780273438,ITUB4.SA
2020-02-19,20.827770233154297,ITUB4.SA
2020-02-20,20.754528045654297,ITUB4.SA
2020-02-21,20.55743408203125,ITUB4.SA
2020-02-26,19.532087326049805,ITUB4.SA
2020-02-27,19.544668197631836,ITUB4.SA
2020-02-28,20.12968635559082,ITUB4.SA
2020-03-02,20.0636043548584,ITUB4.SA
2020-03-03,19.698589324951172,ITUB4.SA
2020-03-04,19.88738250732422,ITUB4.SA
2020-03-05,19.207687377929688,ITUB4.SA
2020-03-06,18.798616409301758,ITUB4.SA
2020-03-09,17.49587059020996,ITUB4.SA
2020-03-10,17.93012046813965,ITUB4.SA
2020-03-11,16.470029830932617,ITUB4.SA
2020-03-12,14.852599143981934,ITUB4.SA
2020-03-13,16.49519920349121,ITUB4.SA
2020-03-16,14.978472709655762,ITUB4.SA
2020-03-17,15.859565734863281,ITUB4.SA
2020-03-18,14.758210182189941,ITUB4.SA
2020-03-19,14.380592346191406,ITUB4.SA
2020-03-20,13.877115249633789,ITUB4.SA
2020-03-23,12.914216041564941,ITUB4.SA
2020-03-24,14.160316467285156,ITUB4.SA
2020-03-25,14.852599143981934,ITUB4.SA
2020-03-26,15.26168441772461,ITUB4.SA
2020-03-27,14.456111907958984,ITUB4.SA
2020-03-30,15.173574447631836,ITUB4.SA
2020-03-31,14.531636238098145,ITUB4.SA
2020-04-01,13.476797103881836,ITUB4.SA
2020-04-02,13.539769172668457,ITUB4.SA
2020-04-03,13.010780334472656,ITUB4.SA
2020-04-06,13.968006134033203,ITUB4.SA
2020-04-07,14.484408378601074,ITUB4.SA
2020-04-08,15.227516174316406,ITUB4.SA
2020-04-09,14.799281120300293,ITUB4.SA
2020-04-13,15.114158630371094,ITUB4.SA
2020-04-14,15.303083419799805,ITUB4.SA
2020-04-15,14.736312866210938,ITUB4.SA
2020-04-16,14.364754676818848,ITUB4.SA
2020-04-17,14.622956275939941,ITUB4.SA
2020-04-20,14.257699012756348,ITUB4.SA
2020-04-22,14.087657928466797,ITUB4.SA
2020-04-23,13.886136054992676,ITUB4.SA
2020-04-24,13.149322509765625,ITUB4.SA
2020-04-27,13.583857536315918,ITUB4.SA
2020-04-28,14.70482349395752,ITUB4.SA
2020-04-29,14.900044441223145,ITUB4.SA
2020-04-30,14.339561462402344,ITUB4.SA
2020-05-04,13.794469833374023,ITUB4.SA
2020-05-05,14.304902076721191,ITUB4.SA
2020-05-06,14.015023231506348,ITUB4.SA
2020-05-07,13.510886192321777,ITUB4.SA
2020-05-08,14.065437316894531,ITUB4.SA
2020-05-11,14.103255271911621,ITUB4.SA
2020-05-12,13.618019104003906,ITUB4.SA
2020-05-13,13.611713409423828,ITUB4.SA
2020-05-14,14.21037483215332,ITUB4.SA
2020-05-15,13.630619049072266,ITUB4.SA
2020-05-18,14.28600025177002,ITUB4.SA
2020-05-19,13.668428421020508,ITUB4.SA
2020-05-20,13.611713409423828,ITUB4.SA
2020-05-21,14.393133163452148,ITUB4.SA
2020-05-22,14.468750953674316,ITUB4.SA
2020-05-25,15.098919868469238,ITUB4.SA
2020-05-26,14.50025463104248,ITUB4.SA
2020-05-27,14.953981399536133,ITUB4.SA
2020-05-28,14.68930721282959,ITUB4.SA
2020-05-29,14.519159317016602,ITUB4.SA
2020-06-01,14.919576644897461,ITUB4.SA
2020-06-02,15.922207832336426,ITUB4.SA
2020-06-03,16.344701766967773,ITUB4.SA
2020-06-04,16.817628860473633,ITUB4.SA
2020-06-05,17.18967628479004,ITUB4.SA
2020-06-08,17.883319854736328,ITUB4.SA
2020-06-09,17.530187606811523,ITUB4.SA
2020-06-10,16.76718521118164,ITUB4.SA
2020-06-12,16.432987213134766,ITUB4.SA
2020-06-15,16.048320770263672,ITUB4.SA
2020-06-16,16.50864601135254,ITUB4.SA
2020-06-17,16.716751098632812,ITUB4.SA
2020-06-18,17.37254524230957,ITUB4.SA
2020-06-19,17.71306037902832,ITUB4.SA
2020-06-22,17.164457321166992,ITUB4.SA
2020-06-23,16.937442779541016,ITUB4.SA
2020-06-24,16.294248580932617,ITUB4.SA
2020-06-25,16.489728927612305,ITUB4.SA
2020-06-26,16.212278366088867,ITUB4.SA
2020-06-29,16.69782829284668,ITUB4.SA
2020-06-30,16.048320770263672,ITUB4.SA
2020-07-01,16.467906951904297,ITUB4.SA
2020-07-02,16.751834869384766,ITUB4.SA
2020-07-03,16.72028923034668,ITUB4.SA
2020-07-06,17.49637222290039,ITUB4.SA
2020-07-07,16.638256072998047,ITUB4.SA
2020-07-08,16.9979190826416,ITUB4.SA
2020-07-09,17.00421714782715,ITUB4.SA
2020-07-10,17.161951065063477,ITUB4.SA
2020-07-13,16.90958023071289,ITUB4.SA
2020-07-14,17.193500518798828,ITUB4.SA
2020-07-15,17.31338119506836,ITUB4.SA
2020-07-16,17.023149490356445,ITUB4.SA
2020-07-17,17.174577713012695,ITUB4.SA
2020-07-20,17.22504425048828,ITUB4.SA
2020-07-21,17.527912139892578,ITUB4.SA
2020-07-22,17.079936981201172,ITUB4.SA
2020-07-23,16.72028923034668,ITUB4.SA
2020-07-24,16.701358795166016,ITUB4.SA
2020-07-27,17.54052734375,ITUB4.SA
2020-07-28,17.4395809173584,ITUB4.SA
2020-07-29,17.849695205688477,ITUB4.SA
2020-07-30,17.54683494567871,ITUB4.SA
2020-07-31,16.96636199951172,ITUB4.SA
2020-08-03,17.2220401763916,ITUB4.SA
2020-08-04,16.2182674407959,ITUB4.SA
2020-08-05,16.205636978149414,ITUB4.SA
2020-08-06,16.432905197143555,ITUB4.SA
2020-08-07,16.0856990814209,ITUB4.SA
2020-08-10,16.294021606445312,ITUB4.SA
2020-08-11,16.104623794555664,ITUB4.SA
2020-08-12,15.921541213989258,ITUB4.SA
2020-08-13,15.467009544372559,ITUB4.SA
2020-08-14,15.612213134765625,ITUB4.SA
2020-08-17,15.239738464355469,ITUB4.SA
2020-08-18,15.336482048034668,ITUB4.SA
2020-08-19,15.260551452636719,ITUB4.SA
2020-08-20,15.260551452636719,ITUB4.SA
2020-08-21,15.235249519348145,ITUB4.SA
2020-08-24,15.488333702087402,ITUB4.SA
2020-08-25,15.374438285827637,ITUB4.SA
2020-08-26,15.051764488220215,ITUB4.SA
2020-08-27,15.2985200881958,ITUB4.SA
2020-08-28,15.456694602966309,ITUB4.SA
2020-08-31,14.899919509887695,ITUB4.SA
2020-09-01,15.409562110900879,ITUB4.SA
2020-09-02,15.377903938293457,ITUB4.SA
2020-09-03,15.75142765045166,ITUB4.SA
2020-09-04,15.802083015441895,ITUB4.SA
2020-09-08,15.447549819946289,ITUB4.SA
2020-09-09,15.466545104980469,ITUB4.SA
2020-09-10,15.137336730957031,ITUB4.SA
2020-09-11,14.960066795349121,ITUB4.SA
2020-09-14,15.225958824157715,ITUB4.SA
2020-09-15,15.023370742797852,ITUB4.SA
2020-09-16,14.97905445098877,ITUB4.SA
2020-09-17,14.998040199279785,ITUB4.SA
2020-09-18,14.624521255493164,ITUB4.SA
2020-09-21,14.497905731201172,ITUB4.SA
2020-09-22,14.624521255493164,ITUB4.SA
2020-09-23,14.232004165649414,ITUB4.SA
2020-09-24,14.580208778381348,ITUB4.SA
2020-09-25,14.504225730895996,ITUB4.SA
2020-09-28,14.497905731201172,ITUB4.SA
2020-09-29,14.18135929107666,ITUB4.SA
2020-09-30,14.244658470153809,ITUB4.SA
2020-10-01,14.26684284210205,ITUB4.SA
2020-10-02,14.311180114746094,ITUB4.SA
2020-10-05,14.463229179382324,ITUB4.SA
2020-10-06,14.488568305969238,ITUB4.SA
2020-10-07,14.380867958068848,ITUB4.SA
2020-10-08,15.248793601989746,ITUB4.SA
2020-10-09,15.204449653625488,ITUB4.SA
2020-10-13,15.058740615844727,ITUB4.SA
2020-10-14,15.014388084411621,ITUB4.SA
2020-10-15,14.881353378295898,ITUB4.SA
2020-10-16,14.640609741210938,ITUB4.SA
2020-10-19,14.798989295959473,ITUB4.SA
2020-10-20,15.388162612915039,ITUB4.SA
2020-10-21,15.527539253234863,ITUB4.SA
2020-10-22,16.32577133178711,ITUB4.SA
2020-10-23,16.116714477539062,ITUB4.SA
2020-10-26,16.230743408203125,ITUB4.SA
2020-10-27,15.768274307250977,ITUB4.SA
2020-10-28,15.06506633758545,ITUB4.SA
2020-10-29,15.141100883483887,ITUB4.SA
2020-10-30,14.87500286102295,ITUB4.SA
2020-11-03,15.239514350891113,ITUB4.SA
2020-11-04,15.848087310791016,ITUB4.SA
2020-11-05,16.222105026245117,ITUB4.SA
2020-11-06,16.20309066772461,ITUB4.SA
2020-11-09,17.515308380126953,ITUB4.SA
2020-11-10,18.307716369628906,ITUB4.SA
2020-11-11,18.15556526184082,ITUB4.SA
2020-11-12,17.711835861206055,ITUB4.SA
2020-11-13,18.047805786132812,ITUB4.SA
2020-11-16,18.681716918945312,ITUB4.SA
2020-11-17,18.69441795349121,ITUB4.SA
2020-11-18,18.23798370361328,ITUB4.SA
2020-11-19,18.26333236694336,ITUB4.SA
2020-11-23,18.320388793945312,ITUB4.SA
2020-11-24,18.833864212036133,ITUB4.SA
2020-11-25,18.612001419067383,ITUB4.SA
2020-11-26,18.218957901000977,ITUB4.SA
2020-11-27,18.35841941833496,ITUB4.SA
2020-11-30,18.1048583984375,ITUB4.SA
2020-12-01,18.8691349029541,ITUB4.SA
2020-12-02,19.0150089263916,ITUB4.SA
2020-12-03,19.00232696533203,ITUB4.SA
2020-12-04,19.19260597229004,ITUB4.SA
2020-12-07,19.306764602661133,ITUB4.SA
2020-12-08,19.25602912902832,ITUB4.SA
2020-12-09,19.370203018188477,ITUB4.SA
2020-12-10,20.01079559326172,ITUB4.SA
2020-12-11,19.89256477355957,ITUB4.SA
2020-12-14,19.625633239746094,ITUB4.SA
2020-12-15,19.8035888671875,ITUB4.SA
2020-12-16,20.178556442260742,ITUB4.SA
2020-12-17,20.153133392333984,ITUB4.SA
2020-12-18,20.12136459350586,ITUB4.SA
2020-12-21,19.76544761657715,ITUB4.SA
2020-12-22,19.860790252685547,ITUB4.SA
2020-12-23,20.29930877685547,ITUB4.SA
2020-12-28,20.445484161376953,ITUB4.SA
2020-12-29,20.4010066986084,ITUB4.SA
2020-12-30,20.102293014526367,ITUB4.SA
2021-01-04,19.647659301757812,ITUB4.SA
2021-01-05,19.520496368408203,ITUB4.SA
2021-01-06,20.092744827270508,ITUB4.SA
2021-01-07,20.874845504760742,ITUB4.SA
2021-01-08,20.868486404418945,ITUB4.SA
2021-01-11,20.397953033447266,ITUB4.SA
2021-01-12,20.461545944213867,ITUB4.SA
2021-01-13,20.12454605102539,ITUB4.SA
2021-01-14,20.72223472595215,ITUB4.SA
2021-01-15,19.940147399902344,ITUB4.SA
2021-01-18,19.838417053222656,ITUB4.SA
2021-01-19,19.603145599365234,ITUB4.SA
2021-01-20,19.278867721557617,ITUB4.SA
2021-01-21,19.018163681030273,ITUB4.SA
2021-01-22,18.61122703552246,ITUB4.SA
2021-01-26,17.993501663208008,ITUB4.SA
2021-01-27,17.993501663208008,ITUB4.SA
2021-01-28,18.7196102142334,ITUB4.SA
2021-01-29,18.050832748413086,ITUB4.SA
2021-02-01,18.531963348388672,ITUB4.SA
2021-02-02,18.13685417175293,ITUB4.SA
2021-02-03,18.047645568847656,ITUB4.SA
2021-02-04,17.97116470336914,ITUB4.SA
2021-02-05,17.89469337463379,ITUB4.SA
2021-02-08,17.563310623168945,ITUB4.SA
2021-02-09,17.773609161376953,ITUB4.SA
2021-02-10,17.646156311035156,ITUB4.SA
2021-02-11,17.646156311035156,ITUB4.SA
2021-02-12,17.69076919555664,ITUB4.SA
2021-02-17,17.913814544677734,ITUB4.SA
2021-02-18,17.786359786987305,ITUB4.SA
2021-02-19,17.601539611816406,ITUB4.SA
2021-02-22,16.320619583129883,ITUB4.SA
2021-02-23,17.365755081176758,ITUB4.SA
2021-02-24,17.110843658447266,ITUB4.SA
2021-02-25,16.575536727905273,ITUB4.SA
2021-02-26,16.374921798706055,ITUB4.SA
2021-03-01,15.884352684020996,ITUB4.SA
2021-03-02,16.525615692138672,ITUB4.SA
2021-03-03,16.564096450805664,ITUB4.SA
2021-03-04,17.083532333374023,ITUB4.SA
2021-03-05,17.7183837890625,ITUB4.SA
2021-03-08,17.154071807861328,ITUB4.SA
2021-03-09,17.39134407043457,ITUB4.SA
2021-03-10,17.519596099853516,ITUB4.SA
2021-03-11,17.545238494873047,ITUB4.SA
2021-03-12,17.429811477661133,ITUB4.SA
2021-03-15,17.635028839111328,ITUB4.SA
2021-03-16,17.27591323852539,ITUB4.SA
2021-03-17,17.949249267578125,ITUB4.SA
2021-03-18,18.051851272583008,ITUB4.SA
2021-03-19,18.090333938598633,ITUB4.SA
2021-03-22,18.192930221557617,ITUB4.SA
2021-03-23,17.73122215270996,ITUB4.SA
2021-03-24,17.423404693603516,ITUB4.SA
2021-03-25,17.73122215270996,ITUB4.SA
2021-03-26,18.033586502075195,ITUB4.SA
2021-03-29,18.027151107788086,ITUB4.SA
2021-03-30,18.32267951965332,ITUB4.SA
2021-03-31,17.969335556030273,ITUB4.SA
2021-04-01,17.419742584228516,ITUB4.SA
2021-04-05,17.644725799560547,ITUB4.SA
2021-04-06,17.439029693603516,ITUB4.SA
2021-04-07,17.284765243530273,ITUB4.SA
2021-04-08,17.14976692199707,ITUB4.SA
2021-04-09,17.12405776977539,ITUB4.SA
2021-04-12,17.548301696777344,ITUB4.SA
2021-04-13,17.54187774658203,ITUB4.SA
2021-04-14,17.766862869262695,ITUB4.SA
2021-04-15,17.766862869262695,ITUB4.SA
2021-04-16,17.96611213684082,ITUB4.SA
2021-04-19,17.696149826049805,ITUB4.SA
2021-04-20,17.606157302856445,ITUB4.SA
2021-04-22,17.61257553100586,ITUB4.SA
2021-04-23,17.696149826049805,ITUB4.SA
2021-04-26,17.683284759521484,ITUB4.SA
2021-04-27,17.413312911987305,ITUB4.SA
2021-04-28,18.17112922668457,ITUB4.SA
2021-04-29,17.597843170166016,ITUB4.SA
2021-04-30,17.733121871948242,ITUB4.SA
2021-05-03,17.981243133544922,ITUB4.SA
2021-05-04,17.214309692382812,ITUB4.SA
2021-05-05,17.704118728637695,ITUB4.SA
2021-05-06,17.594552993774414,ITUB4.SA
2021-05-07,17.807239532470703,ITUB4.SA
2021-05-10,18.07147216796875,ITUB4.SA
2021-05-11,18.032812118530273,ITUB4.SA
2021-05-12,17.768571853637695,ITUB4.SA
2021-05-13,18.28415870666504,ITUB4.SA
2021-05-14,18.690183639526367,ITUB4.SA
2021-05-17,18.677297592163086,ITUB4.SA
2021-05-18,18.63862419128418,ITUB4.SA
2021-05-19,18.773969650268555,ITUB4.SA
2021-05-20,18.877086639404297,ITUB4.SA
2021-05-21,18.967317581176758,ITUB4.SA
2021-05-24,18.91575050354004,ITUB4.SA
2021-05-25,18.72126579284668,ITUB4.SA
2021-05-26,18.979501724243164,ITUB4.SA
2021-05-27,18.8181095123291,ITUB4.SA
2021-05-28,19.12797737121582,ITUB4.SA
2021-05-31,19.06987190246582,ITUB4.SA
2021-06-01,19.764209747314453,ITUB4.SA
2021-06-02,20.423015594482422,ITUB4.SA
2021-06-04,20.84930419921875,ITUB4.SA
2021-06-07,21.340181350708008,ITUB4.SA
2021-06-08,21.191619873046875,ITUB4.SA
2021-06-09,21.48227882385254,ITUB4.SA
2021-06-10,21.404767990112305,ITUB4.SA
2021-06-11,21.15286636352539,ITUB4.SA
2021-06-14,21.081829071044922,ITUB4.SA
2021-06-15,21.081829071044922,ITUB4.SA
2021-06-16,21.50165367126465,ITUB4.SA
2021-06-17,21.24974822998047,ITUB4.SA
2021-06-18,20.862224578857422,ITUB4.SA
2021-06-21,20.959108352661133,ITUB4.SA
2021-06-22,20.68782615661621,ITUB4.SA
2021-06-23,20.539274215698242,ITUB4.SA
2021-06-24,20.54572868347168,ITUB4.SA
2021-06-25,19.893383026123047,ITUB4.SA
2021-06-28,19.667333602905273,ITUB4.SA
2021-06-29,19.47355842590332,ITUB4.SA
2021-06-30,19.24748992919922,ITUB4.SA
2021-07-01,19.18610954284668,ITUB4.SA
2021-07-02,19.39289665222168,ITUB4.SA
2021-07-05,19.127944946289062,ITUB4.SA
2021-07-06,19.09563446044922,ITUB4.SA
2021-07-07,19.179641723632812,ITUB4.SA
2021-07-08,18.9276180267334,ITUB4.SA
2021-07-12,19.18610954284668,ITUB4.SA
2021-07-13,19.30242347717285,ITUB4.SA
2021-07-14,19.328269958496094,ITUB4.SA
2021-07-15,19.09563446044922,ITUB4.SA
2021-07-16,18.78545570373535,ITUB4.SA
2021-07-19,18.67559242248535,ITUB4.SA
2021-07-20,18.92115592956543,ITUB4.SA
2021-07-21,18.99871253967285,ITUB4.SA
2021-07-22,18.80484390258789,ITUB4.SA
2021-07-23,18.75313949584961,ITUB4.SA
2021-07-26,19.082706451416016,ITUB4.SA
2021-07-27,19.27011489868164,ITUB4.SA
2021-07-28,19.89694595336914,ITUB4.SA
2021-07-29,19.793546676635742,ITUB4.SA
2021-07-30,19.580289840698242,ITUB4.SA
2021-08-02,19.69991111755371,ITUB4.SA
2021-08-03,19.89386558532715,ITUB4.SA
2021-08-04,19.337839126586914,ITUB4.SA
2021-08-05,19.396032333374023,ITUB4.SA
2021-08-06,19.939125061035156,ITUB4.SA
2021-08-09,20.171873092651367,ITUB4.SA
2021-08-10,19.790428161621094,ITUB4.SA
2021-08-11,20.01024055480957,ITUB4.SA
2021-08-12,19.6352481842041,ITUB4.SA
2021-08-13,19.900331497192383,ITUB4.SA
2021-08-16,19.6822452545166,ITUB4.SA
2021-08-17,19.61089324951172,ITUB4.SA
2021-08-18,19.649822235107422,ITUB4.SA
2021-08-19,19.396820068359375,ITUB4.SA
2021-08-20,19.325456619262695,ITUB4.SA
2021-08-23,19.533050537109375,ITUB4.SA
2021-08-24,20.07796859741211,ITUB4.SA
2021-08-25,20.10392951965332,ITUB4.SA
2021-08-26,19.61738395690918,ITUB4.SA
2021-08-27,19.954721450805664,ITUB4.SA
2021-08-30,19.811994552612305,ITUB4.SA
2021-08-31,20.071495056152344,ITUB4.SA
2021-09-01,20.15911102294922,ITUB4.SA
2021-09-02,19.432186126708984,ITUB4.SA
2021-09-03,19.321849822998047,ITUB4.SA
2021-09-06,19.56848907470703,ITUB4.SA
2021-09-08,18.64035987854004,ITUB4.SA
2021-09-09,18.887001037597656,ITUB4.SA
2021-09-10,18.69877052307129,ITUB4.SA
2021-09-13,18.93242645263672,ITUB4.SA
2021-09-14,18.815603256225586,ITUB4.SA
2021-09-15,18.51055145263672,ITUB4.SA
2021-09-16,18.497573852539062,ITUB4.SA
2021-09-17,18.05622673034668,ITUB4.SA
2021-09-20,17.647340774536133,ITUB4.SA
2021-09-21,17.601896286010742,ITUB4.SA
2021-09-22,18.01080322265625,ITUB4.SA
2021-09-23,18.633872985839844,ITUB4.SA
2021-09-24,18.374250411987305,ITUB4.SA
2021-09-27,18.85455322265625,ITUB4.SA
2021-09-28,18.426193237304688,ITUB4.SA
2021-09-29,18.757183074951172,ITUB4.SA
2021-09-30,18.77665901184082,ITUB4.SA
2021-10-01,19.266935348510742,ITUB4.SA
2021-10-04,15.805769920349121,ITUB4.SA
2021-10-05,16.188905715942383,ITUB4.SA
2021-10-06,16.240856170654297,ITUB4.SA
2021-10-07,15.89668083190918,ITUB4.SA
2021-10-08,16.013574600219727,ITUB4.SA
2021-10-11,15.73433780670166,ITUB4.SA
2021-10-13,15.753819465637207,ITUB4.SA
2021-10-14,15.675897598266602,ITUB4.SA
2021-10-15,16.078516006469727,ITUB4.SA
2021-10-18,16.188905715942383,ITUB4.SA
2021-10-19,15.805769920349121,ITUB4.SA
2021-10-20,16.227863311767578,ITUB4.SA
2021-10-21,15.89668083190918,ITUB4.SA
2021-10-22,15.286273002624512,ITUB4.SA
2021-10-25,15.584985733032227,ITUB4.SA
2021-10-26,15.416149139404297,ITUB4.SA
2021-10-27,15.533028602600098,ITUB4.SA
2021-10-28,15.50055980682373,ITUB4.SA
2021-10-29,15.136916160583496,ITUB4.SA
2021-11-01,15.739762306213379,ITUB4.SA
2021-11-03,15.889239311218262,ITUB4.SA
2021-11-04,15.050915718078613,ITUB4.SA
2021-11-05,14.868943214416504,ITUB4.SA
2021-11-08,14.790956497192383,ITUB4.SA
2021-11-09,14.641486167907715,ITUB4.SA
2021-11-10,15.011914253234863,ITUB4.SA
2021-11-11,14.979416847229004,ITUB4.SA
2021-11-12,14.946929931640625,ITUB4.SA
2021-11-16,14.790956497192383,ITUB4.SA
2021-11-17,14.849444389343262,ITUB4.SA
2021-11-18,14.602499961853027,ITUB4.SA
2021-11-19,14.479028701782227,ITUB4.SA
2021-11-22,14.514900207519531,ITUB4.SA
2021-11-23,14.758235931396484,ITUB4.SA
2021-11-24,15.152841567993164,ITUB4.SA
2021-11-25,15.290966033935547,ITUB4.SA
2021-11-26,15.001581192016602,ITUB4.SA
2021-11-29,14.90292739868164,ITUB4.SA
2021-11-30,14.718780517578125,ITUB4.SA
2021-12-01,14.625088691711426,ITUB4.SA
2021-12-02,15.177971839904785,ITUB4.SA
2021-12-03,15.125322341918945,ITUB4.SA
2021-12-06,15.303031921386719,ITUB4.SA
2021-12-07,15.112147331237793,ITUB4.SA
2021-12-08,14.967344284057617,ITUB4.SA
2021-12-09,14.565845489501953,ITUB4.SA
2021-12-10,14.585594177246094,ITUB4.SA
2021-12-13,14.197258949279785,ITUB4.SA
2021-12-14,14.335482597351074,ITUB4.SA
2021-12-15,14.289406776428223,ITUB4.SA
2021-12-16,14.434209823608398,ITUB4.SA
2021-12-17,14.118271827697754,ITUB4.SA
2021-12-20,13.901076316833496,ITUB4.SA
2021-12-21,13.920816421508789,ITUB4.SA
2021-12-22,13.97347640991211,ITUB4.SA
2021-12-23,14.045870780944824,ITUB4.SA
2021-12-27,14.190679550170898,ITUB4.SA
2021-12-28,14.138020515441895,ITUB4.SA
2021-12-29,14.019545555114746,ITUB4.SA
2021-12-30,13.789179801940918,ITUB4.SA
2022-01-03,14.169702529907227,ITUB4.SA
2022-01-04,14.57154655456543,ITUB4.SA
2022-01-05,14.294870376586914,ITUB4.SA
2022-01-06,14.584711074829102,ITUB4.SA
2022-01-07,14.907503128051758,ITUB4.SA
2022-01-10,15.0458402633667,ITUB4.SA
2022-01-11,15.381799697875977,ITUB4.SA
2022-01-12,15.31593132019043,ITUB4.SA
2022-01-13,15.599197387695312,ITUB4.SA
2022-01-14,15.480616569519043,ITUB4.SA
2022-01-17,15.480616569519043,ITUB4.SA
2022-01-18,15.572835922241211,ITUB4.SA
2022-01-19,15.467446327209473,ITUB4.SA
2022-01-20,15.342281341552734,ITUB4.SA
2022-01-21,15.348865509033203,ITUB4.SA
2022-01-24,15.329100608825684,ITUB4.SA
2022-01-25,15.882453918457031,ITUB4.SA
2022-01-26,16.05373191833496,ITUB4.SA
2022-01-27,16.13277816772461,ITUB4.SA
2022-01-28,16.33041000366211,ITUB4.SA
2022-01-31,16.686124801635742,ITUB4.SA
2022-02-01,16.803239822387695,ITUB4.SA
2022-02-02,16.53955078125,ITUB4.SA
2022-02-03,16.73072052001953,ITUB4.SA
2022-02-04,16.783466339111328,ITUB4.SA
2022-02-07,16.691171646118164,ITUB4.SA
2022-02-08,16.875747680664062,ITUB4.SA
2022-02-09,16.203357696533203,ITUB4.SA
2022-02-10,16.51317596435547,ITUB4.SA
2022-02-11,17.48882293701172,ITUB4.SA
2022-02-14,17.449270248413086,ITUB4.SA
2022-02-15,17.614059448242188,ITUB4.SA
2022-02-16,17.429481506347656,ITUB4.SA
2022-02-17,17.18557357788086,ITUB4.SA
2022-02-18,17.25149917602539,ITUB4.SA
2022-02-21,16.829599380493164,ITUB4.SA
2022-02-22,16.98370933532715,ITUB4.SA
2022-02-23,16.746274948120117,ITUB4.SA
2022-02-24,16.462669372558594,ITUB4.SA
2022-02-25,16.799041748046875,ITUB4.SA
2022-03-02,16.520282745361328,ITUB4.SA
2022-03-03,16.533477783203125,ITUB4.SA
2022-03-04,16.282672882080078,ITUB4.SA
2022-03-07,15.93285846710205,ITUB4.SA
2022-03-08,15.781061172485352,ITUB4.SA
2022-03-09,16.566484451293945,ITUB4.SA
2022-03-10,16.579681396484375,ITUB4.SA
2022-03-11,16.394872665405273,ITUB4.SA
2022-03-14,16.625892639160156,ITUB4.SA
2022-03-15,16.566484451293945,ITUB4.SA
2022-03-16,16.889890670776367,ITUB4.SA
2022-03-17,17.259504318237305,ITUB4.SA
2022-03-18,17.384906768798828,ITUB4.SA
2022-03-21,17.813919067382812,ITUB4.SA
2022-03-22,18.058122634887695,ITUB4.SA
2022-03-23,17.978923797607422,ITUB4.SA
2022-03-24,18.09772491455078,ITUB4.SA
2022-03-25,18.130725860595703,ITUB4.SA
2022-03-28,18.117528915405273,ITUB4.SA
2022-03-29,18.328737258911133,ITUB4.SA
2022-03-30,18.368330001831055,ITUB4.SA
2022-03-31,18.137327194213867,ITUB4.SA
2022-04-01,18.188613891601562,ITUB4.SA
2022-04-04,18.02349853515625,ITUB4.SA
2022-04-05,17.660259246826172,ITUB4.SA
2022-04-06,17.653654098510742,ITUB4.SA
2022-04-07,17.64044189453125,ITUB4.SA
2022-04-08,17.607419967651367,ITUB4.SA
2022-04-11,17.541379928588867,ITUB4.SA
2022-04-12,17.230968475341797,ITUB4.SA
2022-04-13,17.277198791503906,ITUB4.SA
2022-04-14,17.389474868774414,ITUB4.SA
2022-04-18,17.488536834716797,ITUB4.SA
2022-04-19,17.178131103515625,ITUB4.SA
2022-04-20,17.290401458740234,ITUB4.SA
2022-04-22,16.953580856323242,ITUB4.SA
2022-04-25,16.887529373168945,ITUB4.SA
2022-04-26,16.31295394897461,ITUB4.SA
2022-04-27,16.180864334106445,ITUB4.SA
2022-04-28,16.048782348632812,ITUB4.SA
2022-04-29,15.76478099822998,ITUB4.SA
2022-05-02,15.697135925292969,ITUB4.SA
2022-05-03,15.776449203491211,ITUB4.SA
2022-05-04,15.756623268127441,ITUB4.SA
2022-05-05,15.393108367919922,ITUB4.SA
2022-05-06,15.723577499389648,ITUB4.SA
2022-05-09,15.498855590820312,ITUB4.SA
2022-05-10,15.419547080993652,ITUB4.SA
2022-05-11,15.935074806213379,ITUB4.SA
2022-05-12,16.186233520507812,ITUB4.SA
2022-05-13,16.37789535522461,ITUB4.SA
2022-05-16,16.549741744995117,ITUB4.SA
2022-05-17,16.695146560668945,ITUB4.SA
2022-05-18,16.45720863342285,ITUB4.SA
2022-05-19,16.404333114624023,ITUB4.SA
2022-05-20,16.609222412109375,ITUB4.SA
2022-05-23,17.038833618164062,ITUB4.SA
2022-05-24,17.29659080505371,ITUB4.SA
2022-05-25,16.985963821411133,ITUB4.SA
2022-05-26,17.197452545166016,ITUB4.SA
2022-05-27,17.289979934692383,ITUB4.SA
2022-05-30,17.13135528564453,ITUB4.SA
2022-05-31,17.289979934692383,ITUB4.SA
2022-06-01,17.050336837768555,ITUB4.SA
2022-06-02,17.123083114624023,ITUB4.SA
2022-06-03,16.9643497467041,ITUB4.SA
2022-06-06,16.90483283996582,ITUB4.SA
2022-06-07,16.90483283996582,ITUB4.SA
2022-06-08,16.58075714111328,ITUB4.SA
2022-06-09,16.296367645263672,ITUB4.SA
2022-06-10,15.939217567443848,ITUB4.SA
2022-06-13,15.747415542602539,ITUB4.SA
2022-06-14,15.641596794128418,ITUB4.SA
2022-06-15,15.707734107971191,ITUB4.SA
2022-06-17,15.509318351745605,ITUB4.SA
2022-06-20,16.18392562866211,ITUB4.SA
2022-06-21,16.01197052001953,ITUB4.SA
2022-06-22,15.892927169799805,ITUB4.SA
2022-06-23,15.529163360595703,ITUB4.SA
2022-06-24,15.502703666687012,ITUB4.SA
2022-06-27,15.595297813415527,ITUB4.SA
2022-06-28,15.423348426818848,ITUB4.SA
2022-06-29,15.264615058898926,ITUB4.SA
2022-06-30,14.993448257446289,ITUB4.SA
2022-07-01,15.12427043914795,ITUB4.SA
2022-07-04,14.978654861450195,ITUB4.SA
2022-07-05,15.084551811218262,ITUB4.SA
2022-07-06,14.94555950164795,ITUB4.SA
2022-07-07,15.157361030578613,ITUB4.SA
2022-07-08,15.163981437683105,ITUB4.SA
2022-07-11,14.919086456298828,ITUB4.SA
2022-07-12,14.885987281799316,ITUB4.SA
2022-07-13,14.826415061950684,ITUB4.SA
2022-07-14,14.6609468460083,ITUB4.SA
2022-07-15,14.925699234008789,ITUB4.SA
2022-07-18,15.12427043914795,ITUB4.SA
2022-07-19,15.633927345275879,ITUB4.SA
2022-07-20,15.435359954833984,ITUB4.SA
2022-07-21,15.56112289428711,ITUB4.SA
2022-07-22,15.39565372467041,ITUB4.SA
2022-07-25,15.620688438415527,ITUB4.SA
2022-07-26,15.534648895263672,ITUB4.SA
2022-07-27,15.587596893310547,ITUB4.SA
2022-07-28,15.686878204345703,ITUB4.SA
2022-07-29,15.633927345275879,ITUB4.SA
2022-08-01,15.546263694763184,ITUB4.SA
2022-08-02,15.711861610412598,ITUB4.SA
2022-08-03,15.824461936950684,ITUB4.SA
2022-08-04,16.208648681640625,ITUB4.SA
2022-08-05,16.51334571838379,ITUB4.SA
2022-08-08,16.718685150146484,ITUB4.SA
2022-08-09,17.15587043762207,ITUB4.SA
2022-08-10,17.47381019592285,ITUB4.SA
2022-08-11,17.500307083129883,ITUB4.SA
2022-08-12,17.7122745513916,ITUB4.SA
2022-08-15,17.864620208740234,ITUB4.SA
2022-08-16,18.069961547851562,ITUB4.SA
2022-08-17,18.1163330078125,ITUB4.SA
2022-08-18,18.06334114074707,ITUB4.SA
2022-08-19,17.84661865234375,ITUB4.SA
2022-08-22,17.645645141601562,ITUB4.SA
2022-08-23,17.692535400390625,ITUB4.SA
2022-08-24,17.7662353515625,ITUB4.SA
2022-08-25,17.98729705810547,ITUB4.SA
2022-08-26,17.88011360168457,ITUB4.SA
2022-08-29,17.819822311401367,ITUB4.SA
2022-08-30,17.739429473876953,ITUB4.SA
2022-08-31,17.290586471557617,ITUB4.SA
2022-09-01,17.55715560913086,ITUB4.SA
2022-09-02,17.79850196838379,ITUB4.SA
2022-09-05,18.08675765991211,ITUB4.SA
2022-09-06,17.919160842895508,ITUB4.SA
2022-09-08,17.791793823242188,ITUB4.SA
2022-09-09,17.932579040527344,ITUB4.SA
2022-09-12,18.15380096435547,ITUB4.SA
2022-09-13,17.96609115600586,ITUB4.SA
2022-09-14,17.899051666259766,ITUB4.SA
2022-09-15,17.945972442626953,ITUB4.SA
2022-09-16,17.885637283325195,ITUB4.SA
2022-09-19,18.556020736694336,ITUB4.SA
2022-09-20,19.172767639160156,ITUB4.SA
2022-09-21,18.97165870666504,ITUB4.SA
2022-09-22,19.35377311706543,ITUB4.SA
2022-09-23,18.97165870666504,ITUB4.SA
2022-09-26,18.56273078918457,ITUB4.SA
2022-09-27,18.455459594726562,ITUB4.SA
2022-09-28,18.448762893676758,ITUB4.SA
2022-09-29,18.723617553710938,ITUB4.SA
2022-09-30,18.810766220092773,ITUB4.SA
2022-10-03,19.956253051757812,ITUB4.SA
2022-10-04,19.989791870117188,ITUB4.SA
2022-10-05,19.989791870117188,ITUB4.SA
2022-10-06,19.627565383911133,ITUB4.SA
2022-10-07,19.667804718017578,ITUB4.SA
2022-10-10,19.45986557006836,ITUB4.SA
2022-10-11,19.325700759887695,ITUB4.SA
2022-10-13,19.2116641998291,ITUB4.SA
2022-10-14,19.21837615966797,ITUB4.SA
2022-10-17,19.372663497924805,ITUB4.SA
2022-10-18,19.848928451538086,ITUB4.SA
2022-10-19,19.855632781982422,ITUB4.SA
2022-10-20,20.164201736450195,ITUB4.SA
2022-10-21,20.835006713867188,ITUB4.SA
2022-10-24,19.889177322387695,ITUB4.SA
2022-10-25,19.72818946838379,ITUB4.SA
2022-10-26,19.305583953857422,ITUB4.SA
2022-10-27,19.661102294921875,ITUB4.SA
2022-10-28,19.815385818481445,ITUB4.SA
2022-10-31,20.392274856567383,ITUB4.SA
2022-11-01,20.444393157958984,ITUB4.SA
2022-11-03,20.296733856201172,ITUB4.SA
2022-11-04,20.370561599731445,ITUB4.SA
2022-11-07,19.907442092895508,ITUB4.SA
2022-11-08,19.84703826904297,ITUB4.SA
2022-11-09,18.893943786621094,ITUB4.SA
2022-11-10,18.53821563720703,ITUB4.SA
2022-11-11,17.940860748291016,ITUB4.SA
2022-11-14,17.887168884277344,ITUB4.SA
2022-11-16,17.632112503051758,ITUB4.SA
2022-11-17,17.739501953125,ITUB4.SA
2022-11-18,17.88045883178711,ITUB4.SA
2022-11-21,17.93414306640625,ITUB4.SA
2022-11-22,17.638822555541992,ITUB4.SA
2022-11-23,17.457609176635742,ITUB4.SA
2022-11-24,18.08181381225586,ITUB4.SA
2022-11-25,17.44417953491211,ITUB4.SA
2022-11-28,17.128721237182617,ITUB4.SA
2022-11-29,17.276384353637695,ITUB4.SA
2022-11-30,17.450891494750977,ITUB4.SA
2022-12-01,17.449312210083008,ITUB4.SA
2022-12-02,17.68439292907715,ITUB4.SA
2022-12-05,17.167219161987305,ITUB4.SA
2022-12-06,17.563495635986328,ITUB4.SA
2022-12-07,17.435880661010742,ITUB4.SA
2022-12-08,16.824691772460938,ITUB4.SA
2022-12-09,16.664535522460938,ITUB4.SA
2022-12-12,16.507001876831055,ITUB4.SA
2022-12-13,15.883702278137207,ITUB4.SA
2022-12-14,15.952194213867188,ITUB4.SA
2022-12-15,16.04123878479004,ITUB4.SA
2022-12-16,16.21932601928711,ITUB4.SA
2022-12-19,16.705625534057617,ITUB4.SA
2022-12-20,16.883708953857422,ITUB4.SA
2022-12-21,16.95220375061035,ITUB4.SA
2022-12-22,16.986459732055664,ITUB4.SA
2022-12-23,17.253585815429688,ITUB4.SA
2022-12-26,16.911108016967773,ITUB4.SA
2022-12-27,16.81521987915039,ITUB4.SA
2022-12-28,17.157691955566406,ITUB4.SA
2022-12-29,17.123443603515625,ITUB4.SA
2023-01-02,16.78597068786621,ITUB4.SA
2023-01-03,16.436412811279297,ITUB4.SA
2023-01-04,16.48438835144043,ITUB4.SA
2023-01-05,16.998451232910156,ITUB4.SA
2023-01-06,17.29319190979004,ITUB4.SA
2023-01-09,17.41655921936035,ITUB4.SA
2023-01-10,17.752422332763672,ITUB4.SA
2023-01-11,18.060853958129883,ITUB4.SA
2023-01-12,17.807254791259766,ITUB4.SA
2023-01-13,17.718149185180664,ITUB4.SA
2023-01-16,17.526227951049805,ITUB4.SA
2023-01-17,17.889503479003906,ITUB4.SA
2023-01-18,18.21164894104004,ITUB4.SA
2023-01-19,18.21164894104004,ITUB4.SA
2023-01-20,17.889503479003906,ITUB4.SA
2023-01-23,17.34117317199707,ITUB4.SA
2023-01-24,17.49881362915039,ITUB4.SA
2023-01-25,17.560501098632812,ITUB4.SA
2023-01-26,17.457693099975586,ITUB4.SA
2023-01-27,17.087562561035156,ITUB4.SA
2023-01-30,17.09441375732422,ITUB4.SA
2023-01-31,17.361730575561523,ITUB4.SA
2023-02-01,17.13376808166504,ITUB4.SA
2023-02-02,17.29152488708496,ITUB4.SA
2023-02-03,17.229793548583984,ITUB4.SA
2023-02-06,17.236652374267578,ITUB4.SA
2023-02-07,16.838834762573242,ITUB4.SA
2023-02-08,18.231210708618164,ITUB4.SA
2023-02-09,17.778512954711914,ITUB4.SA
2023-02-10,17.696210861206055,ITUB4.SA
2023-02-13,18.32037353515625,ITUB4.SA
2023-02-14,18.09402847290039,ITUB4.SA
2023-02-15,18.361526489257812,ITUB4.SA
2023-02-16,18.498714447021484,ITUB4.SA
2023-02-17,18.436979293823242,ITUB4.SA
2023-02-22,18.09402847290039,ITUB4.SA
2023-02-23,18.162620544433594,ITUB4.SA
2023-02-24,17.607040405273438,ITUB4.SA
2023-02-27,17.380687713623047,ITUB4.SA
2023-02-28,17.44242286682129,ITUB4.SA
2023-03-01,17.159400939941406,ITUB4.SA
2023-03-02,16.596569061279297,ITUB4.SA
2023-03-03,16.617158889770508,ITUB4.SA
2023-03-06,16.994667053222656,ITUB4.SA
2023-03-07,17.04271125793457,ITUB4.SA
2023-03-08,17.255495071411133,ITUB4.SA
2023-03-09,16.92603874206543,ITUB4.SA
2023-03-10,16.521076202392578,ITUB4.SA
2023-03-13,16.32201385498047,ITUB4.SA
2023-03-14,16.267107009887695,ITUB4.SA
2023-03-15,16.225927352905273,ITUB4.SA
2023-03-16,16.493614196777344,ITUB4.SA
2023-03-17,16.0200138092041,ITUB4.SA
2023-03-20,16.06119728088379,ITUB4.SA
2023-03-21,16.390657424926758,ITUB4.SA
2023-03-22,16.2945613861084,ITUB4.SA
2023-03-23,15.889605522155762,ITUB4.SA
2023-03-24,16.120088577270508,ITUB4.SA
2023-03-27,16.39777374267578,ITUB4.SA
2023-03-28,16.47414779663086,ITUB4.SA
2023-03-29,16.633811950683594,ITUB4.SA
2023-03-30,17.092012405395508,ITUB4.SA
2023-03-31,17.175321578979492,ITUB4.SA
2023-04-03,16.694324493408203,ITUB4.SA
2023-04-04,17.027788162231445,ITUB4.SA
2023-04-05,17.013900756835938,ITUB4.SA
2023-04-06,16.958322525024414,ITUB4.SA
2023-04-10,17.138946533203125,ITUB4.SA
2023-04-11,17.694740295410156,ITUB4.SA
2023-04-12,17.81283950805664,ITUB4.SA
2023-04-13,17.81283950805664,ITUB4.SA
2023-04-14,18.06988525390625,ITUB4.SA
2023-04-17,18.03514862060547,ITUB4.SA
2023-04-18,18.021265029907227,ITUB4.SA
2023-04-19,17.73641586303711,ITUB4.SA
2023-04-20,17.785053253173828,ITUB4.SA
2023-04-24,17.62526512145996,ITUB4.SA
2023-04-25,17.785053253173828,ITUB4.SA
2023-04-26,17.604413986206055,ITUB4.SA
2023-04-27,17.91705322265625,ITUB4.SA
2023-04-28,18.00736427307129,ITUB4.SA
2023-05-02,17.310523986816406,ITUB4.SA
2023-05-03,17.28272247314453,ITUB4.SA
2023-05-04,17.42176628112793,ITUB4.SA
2023-05-05,18.068296432495117,ITUB4.SA
2023-05-08,18.31856918334961,ITUB4.SA
2023-05-09,18.4298038482666,ITUB4.SA
2023-05-10,18.7009334564209,ITUB4.SA
2023-05-11,18.881690979003906,ITUB4.SA
2023-05-12,18.707887649536133,ITUB4.SA
2023-05-15,18.777402877807617,ITUB4.SA
2023-05-16,18.71483039855957,ITUB4.SA
2023-05-17,18.902545928955078,ITUB4.SA
2023-05-18,18.83302116394043,ITUB4.SA
2023-05-19,18.680068969726562,ITUB4.SA
2023-05-22,18.32552146911621,ITUB4.SA
2023-05-23,18.471515655517578,ITUB4.SA
2023-05-24,18.367231369018555,ITUB4.SA
2023-05-25,18.944250106811523,ITUB4.SA
2023-05-26,18.798261642456055,ITUB4.SA
2023-05-29,18.71483039855957,ITUB4.SA
2023-05-30,18.45065689086914,ITUB4.SA
2023-05-31,18.304668426513672,ITUB4.SA
2023-06-01,18.574342727661133,ITUB4.SA
2023-06-02,18.845651626586914,ITUB4.SA
2023-06-05,18.88739013671875,ITUB4.SA
2023-06-06,19.01957130432129,ITUB4.SA
2023-06-07,19.075225830078125,ITUB4.SA
2023-06-09,19.33957862854004,ITUB4.SA
2023-06-12,19.130876541137695,ITUB4.SA
2023-06-13,19.346525192260742,ITUB4.SA
2023-06-14,19.61088752746582,ITUB4.SA
2023-06-15,19.868282318115234,ITUB4.SA
2023-06-16,19.930896759033203,ITUB4.SA
2023-06-19,20.202198028564453,ITUB4.SA
2023-06-20,20.192588806152344,ITUB4.SA
2023-06-21,20.38917350769043,ITUB4.SA
2023-06-22,20.192588806152344,ITUB4.SA
2023-06-23,20.1294002532959,ITUB4.SA
2023-06-26,20.10131072998047,ITUB4.SA
2023-06-27,19.876638412475586,ITUB4.SA
2023-06-28,19.76430320739746,ITUB4.SA
2023-06-29,20.003021240234375,ITUB4.SA
2023-06-30,19.95387077331543,ITUB4.SA
2023-07-03,20.345640182495117,ITUB4.SA
2023-07-04,20.219188690185547,ITUB4.SA
2023-07-05,20.394817352294922,ITUB4.SA
2023-07-06,20.092731475830078,ITUB4.SA
2023-07-07,20.47209930419922,ITUB4.SA
2023-07-10,20.33860969543457,ITUB4.SA
2023-07-11,19.980316162109375,ITUB4.SA
2023-07-12,19.860891342163086,ITUB4.SA
2023-07-13,20.078672409057617,ITUB4.SA
2023-07-14,19.867918014526367,ITUB4.SA
2023-07-17,20.254308700561523,ITUB4.SA
2023-07-18,19.860891342163086,ITUB4.SA
2023-07-19,19.650127410888672,ITUB4.SA
2023-07-20,20.015438079833984,ITUB4.SA
2023-07-21,20.37373924255371,ITUB4.SA
2023-07-24,20.050573348999023,ITUB4.SA
2023-07-25,20.092731475830078,ITUB4.SA
2023-07-26,20.205137252807617,ITUB4.SA
2023-07-27,19.75550651550293,ITUB4.SA
2023-07-28,20.050573348999023,ITUB4.SA
2023-07-31,20.12082862854004,ITUB4.SA
2023-08-01,20.18244171142578,ITUB4.SA
2023-08-02,20.119169235229492,ITUB4.SA
2023-08-03,19.96451759338379,ITUB4.SA
2023-08-04,19.598966598510742,ITUB4.SA
2023-08-07,19.444324493408203,ITUB4.SA
2023-08-08,19.40213966369629,ITUB4.SA
2023-08-09,19.33184242248535,ITUB4.SA
2023-08-10,19.395109176635742,ITUB4.SA
2023-08-11,19.43025779724121,ITUB4.SA
2023-08-14,19.14906883239746,ITUB4.SA
2023-08-15,19.043622970581055,ITUB4.SA
2023-08-16,19.02956199645996,ITUB4.SA
2023-08-17,18.80460548400879,ITUB4.SA
2023-08-18,18.952239990234375,ITUB4.SA
2023-08-21,18.874910354614258,ITUB4.SA
2023-08-22,19.170156478881836,ITUB4.SA
2023-08-23,19.409162521362305,ITUB4.SA
2023-08-24,19.184221267700195,ITUB4.SA
2023-08-25,18.881938934326172,ITUB4.SA
2023-08-28,19.521652221679688,ITUB4.SA
2023-08-29,19.830955505371094,ITUB4.SA
2023-08-30,19.45134735107422,ITUB4.SA
2023-08-31,19.282638549804688,ITUB4.SA
2023-09-01,19.449792861938477,ITUB4.SA
2023-09-04,19.27394676208496,ITUB4.SA
2023-09-05,18.98554229736328,ITUB4.SA
2023-09-06,18.802656173706055,ITUB4.SA
2023-09-08,18.830780029296875,ITUB4.SA
2023-09-11,19.30912208557129,ITUB4.SA
2023-09-12,19.421661376953125,ITUB4.SA
2023-09-13,19.520139694213867,ITUB4.SA
2023-09-14,19.442768096923828,ITUB4.SA
2023-09-15,19.40056800842285,ITUB4.SA
2023-09-18,19.351322174072266,ITUB4.SA
2023-09-19,19.293994903564453,ITUB4.SA
2023-09-20,19.620779037475586,ITUB4.SA
2023-09-21,19.173233032226562,ITUB4.SA
2023-09-22,19.123502731323242,ITUB4.SA
2023-09-25,19.180330276489258,ITUB4.SA
2023-09-26,18.896183013916016,ITUB4.SA
2023-09-27,18.860660552978516,ITUB4.SA
2023-09-28,19.357929229736328,ITUB4.SA
2023-09-29,19.329519271850586,ITUB4.SA
2023-10-02,19.150129318237305,ITUB4.SA
2023-10-03,18.908451080322266,ITUB4.SA
2023-10-04,19.342060089111328,ITUB4.SA
2023-10-05,19.647724151611328,ITUB4.SA
2023-10-06,19.832544326782227,ITUB4.SA
2023-10-09,19.661943435668945,ITUB4.SA
2023-10-10,19.640615463256836,ITUB4.SA
2023-10-11,19.889413833618164,ITUB4.SA
2023-10-13,19.683269500732422,ITUB4.SA
2023-10-16,19.71170425415039,ITUB4.SA
2023-10-17,19.420251846313477,ITUB4.SA
2023-10-18,19.01506805419922,ITUB4.SA
2023-10-19,19.235427856445312,ITUB4.SA
2023-10-20,19.164350509643555,ITUB4.SA
2023-10-23,19.185678482055664,ITUB4.SA
2023-10-24,19.185678482055664,ITUB4.SA
2023-10-25,19.221214294433594,ITUB4.SA
2023-10-26,19.697484970092773,ITUB4.SA
2023-10-27,19.406038284301758,ITUB4.SA
2023-10-30,19.249656677246094,ITUB4.SA
2023-10-31,19.064836502075195,ITUB4.SA
2023-11-01,19.33345603942871,ITUB4.SA
2023-11-03,19.866943359375,ITUB4.SA
2023-11-06,20.0518856048584,ITUB4.SA
2023-11-07,20.61382293701172,ITUB4.SA
2023-11-08,20.706300735473633,ITUB4.SA
2023-11-09,20.798765182495117,ITUB4.SA
2023-11-10,21.047714233398438,ITUB4.SA
2023-11-13,20.905458450317383,ITUB4.SA
2023-11-14,21.218435287475586,ITUB4.SA
2023-11-16,21.559865951538086,ITUB4.SA
2023-11-17,21.659448623657227,ITUB4.SA
2023-11-20,21.87284278869629,ITUB4.SA
2023-11-21,21.837278366088867,ITUB4.SA
2023-11-22,21.972429275512695,ITUB4.SA
2023-11-23,21.943971633911133,ITUB4.SA
2023-11-24,21.82305335998535,ITUB4.SA
2023-11-27,21.766143798828125,ITUB4.SA
2023-11-28,21.979534149169922,ITUB4.SA
2023-11-29,22.12891960144043,ITUB4.SA
2023-11-30,22.4703426361084,ITUB4.SA
2023-12-01,22.41884994506836,ITUB4.SA
2023-12-04,22.44732093811035,ITUB4.SA
2023-12-05,22.632368087768555,ITUB4.SA
2023-12-06,22.433090209960938,ITUB4.SA
2023-12-07,22.682178497314453,ITUB4.SA
2023-12-08,22.96910858154297,ITUB4.SA
2023-12-11,22.811296463012695,ITUB4.SA
2023-12-12,22.696523666381836,ITUB4.SA
2023-12-13,23.38515853881836,ITUB4.SA
2023-12-14,23.578847885131836,ITUB4.SA
2023-12-15,23.478418350219727,ITUB4.SA
2023-12-18,23.59319305419922,ITUB4.SA
2023-12-19,23.6075382232666,ITUB4.SA
2023-12-20,23.3636474609375,ITUB4.SA
2023-12-21,23.521455764770508,ITUB4.SA
2023-12-22,23.894472122192383,ITUB4.SA
2023-12-26,24.138364791870117,ITUB4.SA
2023-12-27,24.303359985351562,ITUB4.SA
2023-12-28,24.367918014526367,ITUB4.SA
2024-01-02,24.057613372802734,ITUB4.SA
2024-01-03,23.792062759399414,ITUB4.SA
2024-01-04,23.634166717529297,ITUB4.SA
2024-01-05,24.186800003051758,ITUB4.SA
2024-01-08,23.928424835205078,ITUB4.SA
2024-01-09,23.91407585144043,ITUB4.SA
2024-01-10,23.892541885375977,ITUB4.SA
2024-01-11,23.93560028076172,ITUB4.SA
2024-01-12,23.964317321777344,ITUB4.SA
2024-01-15,24.00737190246582,ITUB4.SA
2024-01-16,23.670053482055664,ITUB4.SA
2024-01-17,23.684404373168945,ITUB4.SA
2024-01-18,23.583925247192383,ITUB4.SA
2024-01-19,23.64133644104004,ITUB4.SA
2024-01-22,23.2537841796875,ITUB4.SA
2024-01-23,23.361438751220703,ITUB4.SA
2024-01-24,23.2537841796875,ITUB4.SA
2024-01-25,23.20353889465332,ITUB4.SA
2024-01-26,23.548046112060547,ITUB4.SA
2024-01-29,23.426029205322266,ITUB4.SA
2024-01-30,23.275312423706055,ITUB4.SA
2024-01-31,23.526512145996094,ITUB4.SA
2024-02-01,23.474557876586914,ITUB4.SA
2024-02-02,23.51045799255371,ITUB4.SA
2024-02-05,23.955673217773438,ITUB4.SA
2024-02-06,24.982559204101562,ITUB4.SA
2024-02-07,24.803030014038086,ITUB4.SA
2024-02-08,24.314729690551758,ITUB4.SA
2024-02-09,24.623512268066406,ITUB4.SA
2024-02-14,24.623512268066406,ITUB4.SA
2024-02-15,24.831756591796875,ITUB4.SA
2024-02-16,24.803030014038086,ITUB4.SA
2024-02-19,25.07590675354004,ITUB4.SA
2024-02-20,25.621665954589844,ITUB4.SA
2024-02-21,25.478036880493164,ITUB4.SA
2024-02-22,25.33351707458496,ITUB4.SA
2024-02-23,25.407684326171875,ITUB4.SA
2024-02-26,25.48183822631836,ITUB4.SA
2024-02-27,25.79332160949707,ITUB4.SA
2024-02-28,25.80815315246582,ITUB4.SA
2024-02-29,25.17036247253418,ITUB4.SA
2024-03-01,25.279916763305664,ITUB4.SA
2024-03-04,25.086999893188477,ITUB4.SA
2024-03-05,25.06474494934082,ITUB4.SA
2024-03-06,25.339279174804688,ITUB4.SA
2024-03-07,25.072162628173828,ITUB4.SA
2024-03-08,25.302181243896484,ITUB4.SA
2024-03-11,25.428325653076172,ITUB4.SA
2024-03-12,25.53219985961914,ITUB4.SA
2024-03-13,25.784482955932617,ITUB4.SA
2024-03-14,25.76963996887207,ITUB4.SA
2024-03-15,25.62865447998047,ITUB4.SA
2024-03-18,25.73253631591797,ITUB4.SA
2024-03-19,25.76963996887207,ITUB4.SA
2024-03-20,25.82158088684082,ITUB4.SA
2024-03-21,25.554458618164062,ITUB4.SA
2024-03-22,25.197126388549805,ITUB4.SA
2024-03-25,25.197126388549805,ITUB4.SA
2024-03-26,25.697776794433594,ITUB4.SA
2024-03-27,25.839763641357422,ITUB4.SA
2024-03-28,25.884592056274414,ITUB4.SA
2024-04-01,25.00063705444336,ITUB4.SA
2024-04-02,25.030540466308594,ITUB4.SA
2024-04-03,24.843639373779297,ITUB4.SA
2024-04-04,24.514677047729492,ITUB4.SA
2024-04-05,24.469823837280273,ITUB4.SA
2024-04-08,24.836162567138672,ITUB4.SA
2024-04-09,25.097824096679688,ITUB4.SA
2024-04-10,24.5670108795166,ITUB4.SA
2024-04-11,24.52215576171875,ITUB4.SA
2024-04-12,24.267963409423828,ITUB4.SA
2024-04-15,23.856767654418945,ITUB4.SA
2024-04-16,23.677339553833008,ITUB4.SA
2024-04-17,23.692293167114258,ITUB4.SA
2024-04-18,23.72219467163086,ITUB4.SA
2024-04-19,23.58761978149414,ITUB4.SA
2024-04-22,23.572668075561523,ITUB4.SA
2024-04-23,23.92405891418457,ITUB4.SA
2024-04-24,23.819385528564453,ITUB4.SA
2024-04-25,23.684816360473633,ITUB4.SA
2024-04-26,24.081056594848633,ITUB4.SA
2024-04-29,23.894147872924805,ITUB4.SA
2024-04-30,23.44556999206543,ITUB4.SA
2024-05-02,23.78791618347168,ITUB4.SA
2024-05-03,24.087135314941406,ITUB4.SA
2024-05-06,24.236745834350586,ITUB4.SA
2024-05-07,24.73793601989746,ITUB4.SA
2024-05-08,24.895023345947266,ITUB4.SA
2024-05-09,24.146984100341797,ITUB4.SA
2024-05-10,24.42375946044922,ITUB4.SA
2024-05-13,24.722972869873047,ITUB4.SA
2024-05-14,24.99227523803711,ITUB4.SA
2024-05-15,24.924945831298828,ITUB4.SA
2024-05-16,24.85014533996582,ITUB4.SA
2024-05-17,24.857629776000977,ITUB4.SA
2024-05-20,24.782817840576172,ITUB4.SA
2024-05-21,24.65564727783203,ITUB4.SA
2024-05-22,24.274150848388672,ITUB4.SA
2024-05-23,24.057214736938477,ITUB4.SA
2024-05-24,23.825326919555664,ITUB4.SA
2024-05-27,23.743032455444336,ITUB4.SA
2024-05-28,23.61586570739746,ITUB4.SA
2024-05-29,23.451297760009766,ITUB4.SA
2024-05-31,23.211923599243164,ITUB4.SA
2024-06-03,23.539491653442383,ITUB4.SA
2024-06-04,23.6218204498291,ITUB4.SA
2024-06-05,23.5769100189209,ITUB4.SA
2024-06-06,23.876298904418945,ITUB4.SA
2024-06-07,23.539491653442383,ITUB4.SA
2024-06-10,23.352371215820312,ITUB4.SA
2024-06-11,23.614337921142578,ITUB4.SA
2024-06-12,23.5769100189209,ITUB4.SA
2024-06-13,23.329919815063477,ITUB4.SA
2024-06-14,23.307464599609375,ITUB4.SA
2024-06-17,23.876298904418945,ITUB4.SA
2024-06-18,23.861331939697266,ITUB4.SA
2024-06-19,24.0484561920166,ITUB4.SA
2024-06-20,23.883790969848633,ITUB4.SA
2024-06-21,24.050512313842773,ITUB4.SA
2024-06-24,24.39754295349121,ITUB4.SA
2024-06-25,24.47298240661621,ITUB4.SA
2024-06-26,24.427719116210938,ITUB4.SA
2024-06-27,24.47298240661621,ITUB4.SA
2024-06-28,24.45035171508789,ITUB4.SA
2024-07-01,24.33535385131836,ITUB4.SA
2024-07-02,24.65237808227539,ITUB4.SA
2024-07-03,24.803342819213867,ITUB4.SA
2024-07-04,24.84108543395996,ITUB4.SA
2024-07-05,24.856172561645508,ITUB4.SA
2024-07-08,24.81088638305664,ITUB4.SA
2024-07-09,24.984493255615234,ITUB4.SA
2024-07-10,25.248680114746094,ITUB4.SA
2024-07-11,25.39965057373047,ITUB4.SA
2024-07-12,25.256229400634766,ITUB4.SA
2024-07-15,25.35435676574707,ITUB4.SA
2024-07-16,25.505321502685547,ITUB4.SA
2024-07-17,25.784603118896484,ITUB4.SA
2024-07-18,25.663827896118164,ITUB4.SA
2024-07-19,25.86008644104004,ITUB4.SA
2024-07-22,25.84499168395996,ITUB4.SA
2024-07-23,25.807247161865234,ITUB4.SA
2024-07-24,25.76951026916504,ITUB4.SA
2024-07-25,25.65628433227539,ITUB4.SA
2024-07-26,25.84499168395996,ITUB4.SA
2024-07-29,26.0336971282959,ITUB4.SA
2024-07-30,25.935565948486328,ITUB4.SA
2024-07-31,25.573251724243164,ITUB4.SA
2024-08-01,25.20142936706543,ITUB4.SA
2024-08-02,24.884233474731445,ITUB4.SA
2024-08-05,24.884233474731445,ITUB4.SA
2024-08-06,25.43553924560547,ITUB4.SA
2024-08-07,25.503507614135742,ITUB4.SA
2024-08-08,25.412883758544922,ITUB4.SA
2024-08-09,26.100133895874023,ITUB4.SA
2024-08-12,26.137889862060547,ITUB4.SA
2024-08-13,26.87799644470215,ITUB4.SA
2024-08-14,27.542585372924805,ITUB4.SA
2024-08-15,27.980602264404297,ITUB4.SA
2024-08-16,27.746488571166992,ITUB4.SA
2024-08-19,27.91263771057129,ITUB4.SA
2024-08-20,28.11654281616211,ITUB4.SA
2024-08-21,28.003265380859375,ITUB4.SA
2024-08-22,27.746488571166992,ITUB4.SA
2024-08-23,27.5350284576416,ITUB4.SA
2024-08-26,27.595449447631836,ITUB4.SA
2024-08-27,27.625656127929688,ITUB4.SA
2024-08-28,28.22227668762207,ITUB4.SA
2024-08-29,27.91263771057129,ITUB4.SA
2024-08-30,27.716279983520508,ITUB4.SA
2024-09-02,27.495389938354492,ITUB4.SA
2024-09-03,27.941179275512695,ITUB4.SA
2024-09-04,28.13762664794922,ITUB4.SA
2024-09-05,28.3189640045166,ITUB4.SA
2024-09-06,27.91851043701172,ITUB4.SA
2024-09-09,28.190513610839844,ITUB4.SA
2024-09-10,28.190513610839844,ITUB4.SA
2024-09-11,28.243410110473633,ITUB4.SA
2024-09-12,27.933622360229492,ITUB4.SA
2024-09-13,27.963848114013672,ITUB4.SA
2024-09-16,27.95629119873047,ITUB4.SA
2024-09-17,27.888288497924805,ITUB4.SA
2024-09-18,27.7296142578125,ITUB4.SA
2024-09-19,27.654062271118164,ITUB4.SA
2024-09-20,27.35182762145996,ITUB4.SA
2024-09-23,27.191965103149414,ITUB4.SA
2024-09-24,27.18435287475586,ITUB4.SA
2024-09-25,27.526920318603516,ITUB4.SA
2024-09-26,27.87709617614746,ITUB4.SA
2024-09-27,27.983671188354492,ITUB4.SA
2024-09-30,27.488853454589844,ITUB4.SA
2024-10-01,27.037702560424805,ITUB4.SA
2024-10-02,27.20526123046875,ITUB4.SA
2024-10-03,26.5350284576416,ITUB4.SA
2024-10-04,26.588346481323242,ITUB4.SA
2024-10-07,26.763519287109375,ITUB4.SA
2024-10-08,26.923463821411133,ITUB4.SA
2024-10-09,26.428401947021484,ITUB4.SA
2024-10-10,26.573116302490234,ITUB4.SA
2024-10-11,26.375093460083008,ITUB4.SA
2024-10-14,26.542648315429688,ITUB4.SA
2024-10-15,26.847293853759766,ITUB4.SA
2024-10-16,26.68735694885254,ITUB4.SA
2024-10-17,26.740671157836914,ITUB4.SA
2024-10-18,26.870145797729492,ITUB4.SA
2024-10-21,26.733051300048828,ITUB4.SA
2024-10-22,26.77875518798828,ITUB4.SA
2024-10-23,26.946308135986328,ITUB4.SA
2024-10-24,27.190031051635742,ITUB4.SA
2024-10-25,26.885377883911133,ITUB4.SA
2024-10-28,27.21287727355957,ITUB4.SA
2024-10-29,26.923463821411133,ITUB4.SA
2024-10-30,26.847293853759766,ITUB4.SA
2024-10-31,26.672128677368164,ITUB4.SA
2024-11-01,26.525554656982422,ITUB4.SA
2024-11-04,26.883697509765625,ITUB4.SA
2024-11-05,27.691429138183594,ITUB4.SA
2024-11-06,27.561885833740234,ITUB4.SA
2024-11-07,27.15802764892578,ITUB4.SA
2024-11-08,26.731294631958008,ITUB4.SA
2024-11-11,26.761781692504883,ITUB4.SA
2024-11-12,26.441730499267578,ITUB4.SA
2024-11-13,26.304567337036133,ITUB4.SA
2024-11-14,26.228370666503906,ITUB4.SA
2024-11-18,26.136924743652344,ITUB4.SA
2024-11-19,26.373149871826172,ITUB4.SA
2024-11-21,25.915945053100586,ITUB4.SA
2024-11-22,25.99214744567871,ITUB4.SA
2024-11-25,25.98452377319336,ITUB4.SA
2024-11-26,26.479833602905273,ITUB4.SA
2024-11-27,25.832124710083008,ITUB4.SA
2024-11-28,24.902475357055664,ITUB4.SA
2024-11-29,24.841514587402344,ITUB4.SA
2024-12-02,24.489004135131836,ITUB4.SA
2024-12-03,24.76348304748535,ITUB4.SA
2024-12-04,24.91596031188965,ITUB4.SA
2024-12-05,25.44965362548828,ITUB4.SA
2024-12-06,24.93120765686035,ITUB4.SA
2024-12-09,25.053197860717773,ITUB4.SA
2024-12-10,25.392295837402344,ITUB4.SA
2024-12-11,25.638593673706055,ITUB4.SA
2024-12-12,24.999753952026367,ITUB4.SA
2024-12-13,24.67647933959961,ITUB4.SA
2024-12-16,24.407079696655273,ITUB4.SA
2024-12-17,24.537935256958008,ITUB4.SA
2024-12-18,23.837505340576172,ITUB4.SA
2024-12-19,23.968355178833008,ITUB4.SA
2024-12-20,24.24544334411621,ITUB4.SA
2024-12-23,23.775936126708984,ITUB4.SA
2024-12-26,23.929866790771484,ITUB4.SA
2024-12-27,23.691261291503906,ITUB4.SA
2024-12-30,23.65277671813965,ITUB4.SA
2025-01-02,23.54314613342285,ITUB4.SA
2025-01-03,22.96554946899414,ITUB4.SA
2025-01-06,23.997535705566406,ITUB4.SA
2025-01-07,24.25937843322754,ITUB4.SA
2025-01-08,23.86661148071289,ITUB4.SA
2025-01-09,23.92822265625,ITUB4.SA
2025-01-10,23.597057342529297,ITUB4.SA
2025-01-13,23.766489028930664,ITUB4.SA
2025-01-14,23.781898498535156,ITUB4.SA
2025-01-15,24.813880920410156,ITUB4.SA
2025-01-16,24.736867904663086,ITUB4.SA
2025-01-17,24.913997650146484,ITUB4.SA
2025-01-20,25.15274429321289,ITUB4.SA
2025-01-21,25.20665740966797,ITUB4.SA
2025-01-22,25.114229202270508,ITUB4.SA
2025-01-23,25.06032371520996,ITUB4.SA
2025-01-24,24.99871063232422,ITUB4.SA
2025-01-27,25.599416732788086,ITUB4.SA
2025-01-28,25.645631790161133,ITUB4.SA
2025-01-29,25.58402442932129,ITUB4.SA
2025-01-30,26.20783233642578,ITUB4.SA
2025-01-31,26.03839874267578,ITUB4.SA
2025-02-03,25.797719955444336,ITUB4.SA
2025-02-04,25.890188217163086,ITUB4.SA
2025-02-05,26.28316307067871,ITUB4.SA
2025-02-06,26.329397201538086,ITUB4.SA
2025-02-07,26.13675880432129,ITUB4.SA
2025-02-10,26.421863555908203,ITUB4.SA
2025-02-11,26.699256896972656,ITUB4.SA
2025-02-12,25.95953369140625,ITUB4.SA
2025-02-13,26.098234176635742,ITUB4.SA
2025-02-14,26.791717529296875,ITUB4.SA
2025-02-17,26.84565544128418,ITUB4.SA
2025-02-18,26.80074691772461,ITUB4.SA
2025-02-19,26.550500869750977,ITUB4.SA
2025-02-20,26.477848052978516,ITUB4.SA
2025-02-21,26.397125244140625,ITUB4.SA
2025-02-24,26.251819610595703,ITUB4.SA
2025-02-25,26.518211364746094,ITUB4.SA
2025-02-26,26.453636169433594,ITUB4.SA
2025-02-27,26.429414749145508,ITUB4.SA
2025-02-28,25.783615112304688,ITUB4.SA
2025-03-05,26.169410705566406,ITUB4.SA
2025-03-06,26.217870712280273,ITUB4.SA
2025-03-07,26.330951690673828,ITUB4.SA
2025-03-10,26.5651798248291,ITUB4.SA
2025-03-11,26.330951690673828,ITUB4.SA
2025-03-12,26.411720275878906,ITUB4.SA
2025-03-13,26.83980369567871,ITUB4.SA
2025-03-14,27.712116241455078,ITUB4.SA
2025-03-17,28.544042587280273,ITUB4.SA
2025-03-18,28.697500228881836,ITUB4.SA
2025-03-19,28.76858139038086,ITUB4.SA
2025-03-20,28.50204086303711,ITUB4.SA
2025-03-21,28.56423568725586,ITUB4.SA
2025-03-24,28.59088706970215,ITUB4.SA
2025-03-25,28.821889877319336,ITUB4.SA
2025-03-26,28.510923385620117,ITUB4.SA
2025-03-27,28.546464920043945,ITUB4.SA
2025-03-28,28.155534744262695,ITUB4.SA
2025-03-31,27.906770706176758,ITUB4.SA
2025-04-01,27.9135684967041,ITUB4.SA
2025-04-02,27.922462463378906,ITUB4.SA
2025-04-03,28.42028045654297,ITUB4.SA
2025-04-04,27.682437896728516,ITUB4.SA
2025-04-07,27.735776901245117,ITUB4.SA
2025-04-08,27.74466323852539,ITUB4.SA
2025-04-09,28.25137710571289,ITUB4.SA
2025-04-10,28.13581085205078,ITUB4.SA
2025-04-11,28.278047561645508,ITUB4.SA
2025-04-14,28.740314483642578,ITUB4.SA
2025-04-15,29.10478401184082,ITUB4.SA
2025-04-16,29.060340881347656,ITUB4.SA
2025-04-17,29.113676071166992,ITUB4.SA
2025-04-22,29.682615280151367,ITUB4.SA
2025-04-23,30.30489158630371,ITUB4.SA
2025-04-24,30.891613006591797,ITUB4.SA
2025-04-25,30.776042938232422,ITUB4.SA
2025-04-28,31.104965209960938,ITUB4.SA
2025-04-29,31.353872299194336,ITUB4.SA
2025-04-30,31.62945556640625,ITUB4.SA
2025-05-02,31.547319412231445,ITUB4.SA
2025-05-05,30.98699188232422,ITUB4.SA
2025-05-06,30.82689666748047,ITUB4.SA
2025-05-07,31.164871215820312,ITUB4.SA
2025-05-08,31.413902282714844,ITUB4.SA
2025-05-09,33.112674713134766,ITUB4.SA
2025-05-12,32.445621490478516,ITUB4.SA
2025-05-13,32.84585189819336,ITUB4.SA
2025-05-14,33.06821060180664,ITUB4.SA
2025-05-15,33.51291275024414,ITUB4.SA
2025-05-16,33.708580017089844,ITUB4.SA
2025-05-19,34.10881805419922,ITUB4.SA
2025-05-20,34.06433868408203,ITUB4.SA
2025-05-21,33.37949752807617,ITUB4.SA
2025-05-22,33.148258209228516,ITUB4.SA
2025-05-23,33.548484802246094,ITUB4.SA
2025-05-26,33.6196403503418,ITUB4.SA
2025-05-27,33.88645553588867,ITUB4.SA
2025-05-28,33.610740661621094,ITUB4.SA
2025-05-29,33.34392547607422,ITUB4.SA
2025-05-30,33.290550231933594,ITUB4.SA
2025-06-02,33.057125091552734,ITUB4.SA
2025-06-03,32.95033264160156,ITUB4.SA
2025-06-04,32.87025451660156,ITUB4.SA
2025-06-05,32.46982192993164,ITUB4.SA
2025-06-06,32.549903869628906,ITUB4.SA
2025-06-09,32.38084030151367,ITUB4.SA
2025-06-10,32.33064270019531,ITUB4.SA
2025-06-11,32.62699890136719,ITUB4.SA
2025-06-12,32.87846755981445,ITUB4.SA
2025-06-13,32.48331069946289,ITUB4.SA
2025-06-16,33.0760383605957,ITUB4.SA
2025-06-17,33.273616790771484,ITUB4.SA
2025-06-18,33.0760383605957,ITUB4.SA
2025-06-20,32.90541076660156,ITUB4.SA
2025-06-23,32.833553314208984,ITUB4.SA
2025-06-24,33.4532356262207,ITUB4.SA
2025-06-25,32.851524353027344,ITUB4.SA
2025-06-26,32.609039306640625,ITUB4.SA
2025-06-27,32.573116302490234,ITUB4.SA
2025-06-30,33.183807373046875,ITUB4.SA
2025-07-01,33.334442138671875,ITUB4.SA
2025-07-02,33.06489562988281,ITUB4.SA
2025-07-03,33.882530212402344,ITUB4.SA
2025-07-04,33.90049743652344,ITUB4.SA
2025-07-07,33.45125198364258,ITUB4.SA
2025-07-08,33.37038040161133,ITUB4.SA
2025-07-09,32.67854690551758,ITUB4.SA
2025-07-10,31.67220687866211,ITUB4.SA
2025-07-11,31.411643981933594,ITUB4.SA
2025-07-14,31.357736587524414,ITUB4.SA
2025-07-15,31.46555519104004,ITUB4.SA
2025-07-16,31.618295669555664,ITUB4.SA
2025-07-17,32.09450912475586,ITUB4.SA
2025-07-18,31.510480880737305,ITUB4.SA
2025-07-21,31.878864288330078,ITUB4.SA
2025-07-22,31.44758415222168,ITUB4.SA
2025-07-23,31.798004150390625,ITUB4.SA
2025-07-24,31.501495361328125,ITUB4.SA
2025-07-25,31.636274337768555,ITUB4.SA
2025-07-28,30.971376419067383,ITUB4.SA
2025-07-29,31.151081085205078,ITUB4.SA
2025-07-30,31.510480880737305,ITUB4.SA
2025-07-31,31.591352462768555,ITUB4.SA
2025-08-01,31.400455474853516,ITUB4.SA
2025-08-04,31.733068466186523,ITUB4.SA
2025-08-05,32.083656311035156,ITUB4.SA
2025-08-06,32.488189697265625,ITUB4.SA
2025-08-07,33.06352233886719,ITUB4.SA
2025-08-08,33.28825759887695,ITUB4.SA
2025-08-11,33.49501419067383,ITUB4.SA
2025-08-12,34.18720626831055,ITUB4.SA
2025-08-13,33.863590240478516,ITUB4.SA
2025-08-14,33.818634033203125,ITUB4.SA
2025-08-15,33.70177459716797,ITUB4.SA
2025-08-18,33.94449234008789,ITUB4.SA
2025-08-19,32.95819854736328,ITUB4.SA
2025-08-20,32.976348876953125,ITUB4.SA
2025-08-21,33.012664794921875,ITUB4.SA
2025-08-22,33.93850326538086,ITUB4.SA
2025-08-25,33.76604461669922,ITUB4.SA
2025-08-26,33.539119720458984,ITUB4.SA
2025-08-27,34.101890563964844,ITUB4.SA
2025-08-28,34.80988311767578,ITUB4.SA
2025-08-29,34.93695831298828,ITUB4.SA
2025-09-01,35.216339111328125,ITUB4.SA
2025-09-02,34.61698913574219,ITUB4.SA
2025-09-03,34.31731414794922,ITUB4.SA
2025-09-04,34.453529357910156,ITUB4.SA
2025-09-05,34.834938049316406,ITUB4.SA
2025-09-08,34.67147445678711,ITUB4.SA
2025-09-09,34.371803283691406,ITUB4.SA
2025-09-10,34.3990478515625,ITUB4.SA
2025-09-11,34.46261215209961,ITUB4.SA
2025-09-12,33.94499588012695,ITUB4.SA
2025-09-15,34.508018493652344,ITUB4.SA
2025-09-16,34.41720199584961,ITUB4.SA
2025-09-17,34.90758514404297,ITUB4.SA
2025-09-18,34.9529914855957,ITUB4.SA
2025-09-19,35.4161262512207,ITUB4.SA
2025-09-22,34.90758514404297,ITUB4.SA
2025-09-23,35.46152877807617,ITUB4.SA
2025-09-24,35.22542190551758,ITUB4.SA
2025-09-25,34.94390869140625,ITUB4.SA
2025-09-26,35.11644744873047,ITUB4.SA
2025-09-29,35.31623458862305,ITUB4.SA
2025-09-30,35.47969436645508,ITUB4.SA
2025-10-01,34.84159851074219,ITUB4.SA
2025-10-02,34.46001434326172,ITUB4.SA
2025-10-03,34.71440505981445,ITUB4.SA
2025-10-06,34.314659118652344,ITUB4.SA
2025-10-07,33.76954650878906,ITUB4.SA
2025-10-08,33.83313751220703,ITUB4.SA
2025-10-09,33.77863311767578,ITUB4.SA
2025-10-10,33.742286682128906,ITUB4.SA
2025-10-13,33.878570556640625,ITUB4.SA
2025-10-14,34.023929595947266,ITUB4.SA
2025-10-15,34.023929595947266,ITUB4.SA
2025-10-16,33.94216537475586,ITUB4.SA
2025-10-17,34.06027603149414,ITUB4.SA
2025-10-20,34.66897964477539,ITUB4.SA
2025-10-21,34.3419075012207,ITUB4.SA
2025-10-22,34.6235466003418,ITUB4.SA
2025-10-23,34.59629440307617,ITUB4.SA
2025-10-24,34.55086898803711,ITUB4.SA
2025-10-27,34.84159851074219,ITUB4.SA
2025-10-28,34.95970153808594,ITUB4.SA
2025-10-29,35.741024017333984,ITUB4.SA
2025-10-30,35.69559860229492,ITUB4.SA
2025-10-31,35.831878662109375,ITUB4.SA
2025-11-03,36.429630279541016,ITUB4.SA
2025-11-04,36.320556640625,ITUB4.SA
2025-11-05,36.475074768066406,ITUB4.SA
2025-11-06,36.475074768066406,ITUB4.SA
2025-11-07,36.51143264770508,ITUB4.SA
2025-11-10,36.75684356689453,ITUB4.SA
2025-11-11,37.465797424316406,ITUB4.SA
2025-11-12,36.611412048339844,ITUB4.SA
2025-11-13,36.75684356689453,ITUB4.SA
2025-11-14,36.90227127075195,ITUB4.SA
2025-11-17,36.62959289550781,ITUB4.SA
2025-11-18,36.44780731201172,ITUB4.SA
2025-11-19,36.22057342529297,ITUB4.SA
2025-11-21,36.329647064208984,ITUB4.SA
2025-11-24,36.19330596923828,ITUB4.SA
2025-11-25,36.275115966796875,ITUB4.SA
2025-11-26,37.12950134277344,ITUB4.SA
2025-11-27,37.00225067138672,ITUB4.SA
2025-11-28,37.84754180908203,ITUB4.SA
2025-12-01,37.55442810058594,ITUB4.SA
2025-12-02,38.390995025634766,ITUB4.SA
2025-12-03,38.390995025634766,ITUB4.SA
2025-12-04,39.33667755126953,ITUB4.SA
2025-12-05,37.5180549621582,ITUB4.SA
2025-12-08,37.69991683959961,ITUB4.SA
2025-12-09,37.61808395385742,ITUB4.SA
2025-12-10,37.914146423339844,ITUB4.SA
2025-12-11,37.88530731201172,ITUB4.SA
2025-12-12,38.22175979614258,ITUB4.SA
2025-12-15,38.798553466796875,ITUB4.SA
2025-12-16,37.79877853393555,ITUB4.SA
2025-12-17,37.46232223510742,ITUB4.SA
2025-12-18,37.65458679199219,ITUB4.SA
2025-12-19,38.00065612792969,ITUB4.SA
2025-12-22,38.07756423950195,ITUB4.SA
2025-12-23,38.702415466308594,ITUB4.SA
2025-12-26,38.71491622924805,ITUB4.SA
2025-12-29,38.59609603881836,ITUB4.SA
2025-12-30,38.84363555908203,ITUB4.SA
2026-01-02,38.78239822387695,ITUB4.SA
2026-01-05,39.347042083740234,ITUB4.SA
2026-01-06,39.58478927612305,ITUB4.SA
2026-01-07,38.9508056640625,ITUB4.SA
2026-01-08,39.55507278442383,ITUB4.SA
2026-01-09,39.47582244873047,ITUB4.SA
2026-01-12,39.119205474853516,ITUB4.SA
2026-01-13,38.802207946777344,ITUB4.SA
2026-01-14,39.22816848754883,ITUB4.SA
2026-01-15,39.56497573852539,ITUB4.SA
2026-01-16,39.23807907104492,ITUB4.SA
2026-01-19,39.178646087646484,ITUB4.SA
2026-01-20,39.545166015625,ITUB4.SA
2026-01-21,41.27873229980469,ITUB4.SA
2026-01-22,42.675498962402344,ITUB4.SA
2026-01-23,43.16089630126953,ITUB4.SA
2026-01-26,43.735450744628906,ITUB4.SA
2026-01-27,44.894466400146484,ITUB4.SA
2026-01-28,45.90488815307617,ITUB4.SA
2026-01-29,45.716670989990234,ITUB4.SA
2026-01-30,45.072776794433594,ITUB4.SA
2026-02-02,45.46737289428711,ITUB4.SA
2026-02-03,45.725032806396484,ITUB4.SA
2026-02-04,44.21870803833008,ITUB4.SA
2026-02-05,45.11061477661133,ITUB4.SA
2026-02-06,46.329551696777344,ITUB4.SA
2026-02-09,47.875518798828125,ITUB4.SA
2026-02-10,47.984527587890625,ITUB4.SA
2026-02-11,48.92598342895508,ITUB4.SA
2026-02-12,47.80615234375,ITUB4.SA
2026-02-13,47.34037780761719,ITUB4.SA
2026-02-18,47.55839538574219,ITUB4.SA
2026-02-19,48.11336135864258,ITUB4.SA
2026-02-20,48.7872428894043,ITUB4.SA
2026-02-23,47.02325439453125,ITUB4.SA
2026-02-24,47.736778259277344,ITUB4.SA
2026-02-25,47.360198974609375,ITUB4.SA
2026-02-26,47.241275787353516,ITUB4.SA
2026-02-27,46.35927963256836,ITUB4.SA
2026-03-02,45.52470779418945,ITUB4.SA
2026-03-03,43.99796676635742,ITUB4.SA
2026-03-04,44.62253952026367,ITUB4.SA
2026-03-05,43.13545227050781,ITUB4.SA
2026-03-06,42.560447692871094,ITUB4.SA
2026-03-09,42.78846740722656,ITUB4.SA
2026-03-10,43.42295837402344,ITUB4.SA
2026-03-11,43.512184143066406,ITUB4.SA
2026-03-12,42.322509765625,ITUB4.SA
2026-03-13,42.035011291503906,ITUB4.SA
2026-03-16,42.629844665527344,ITUB4.SA
2026-03-17,42.34233856201172,ITUB4.SA
2026-03-18,41.91604232788086,ITUB4.SA
2026-03-19,42.21345901489258,ITUB4.SA
2026-03-20,41.532623291015625,ITUB4.SA
2026-03-23,42.762107849121094,ITUB4.SA
2026-03-24,42.522212982177734,ITUB4.SA
2026-03-25,43.081974029541016,ITUB4.SA
2026-03-26,41.92245864868164,ITUB4.SA
2026-03-27,41.43266677856445,ITUB4.SA
2026-03-30,41.582603454589844,ITUB4.SA
2026-03-31,43.46181869506836,ITUB4.SA
2026-04-01,43.83000183105469,ITUB4.SA
2026-04-02,43.29999923706055,ITUB4.SA
2026-04-06,43.4900016784668,ITUB4.SA
2026-04-07,43.459999084472656,ITUB4.SA
2026-04-08,44.97999954223633,ITUB4.SA
2026-04-09,45.75,ITUB4.SA
